{"cameraMode":{"drawMode":0,"name":"Shaded","section":"Shading Mode"},"sceneLighting":true,"audioPlay":false,"sceneViewState":{"showFog":false,"showMaterialUpdate":false,"showSkybox":false,"showFlares":false,"showImageEffects":false,"showParticleSystems":false},"in2DMode":false,"pivot":{"x":24.916603088378908,"y":-0.6934065818786621,"z":16.191478729248048},"rotation":{"x":0.1373588740825653,"y":0.3677734136581421,"z":-0.05499901995062828,"w":0.9181063175201416},"size":8.947425842285157,"orthographic":false}