{"cameraMode":{"drawMode":0,"name":"Shaded","section":"Shading Mode"},"sceneLighting":true,"audioPlay":false,"sceneViewState":{"showFog":false,"showMaterialUpdate":false,"showSkybox":false,"showFlares":false,"showImageEffects":false,"showParticleSystems":false},"in2DMode":false,"pivot":{"x":30.808866500854493,"y":46.5,"z":99.87577819824219},"rotation":{"x":0.053785886615514758,"y":0.6633892059326172,"z":-0.04915733262896538,"w":0.7451227307319641},"size":22.51897430419922,"orthographic":false}