{"cameraMode":{"drawMode":0,"name":"Shaded","section":"Shading Mode"},"sceneLighting":false,"audioPlay":false,"sceneViewState":{"showFog":false,"showMaterialUpdate":false,"showSkybox":false,"showFlares":false,"showImageEffects":false,"showParticleSystems":false},"in2DMode":false,"pivot":{"x":26.260374069213868,"y":1.606217622756958,"z":9.940264701843262},"rotation":{"x":-0.007045317906886339,"y":0.9927768707275391,"z":0.09410078078508377,"w":0.0748952329158783},"size":1.1622612476348878,"orthographic":false}