{"cameraMode":{"drawMode":0,"name":"Shaded","section":"Shading Mode"},"sceneLighting":true,"audioPlay":false,"sceneViewState":{"showFog":false,"showMaterialUpdate":false,"showSkybox":false,"showFlares":false,"showImageEffects":false,"showParticleSystems":false},"in2DMode":false,"pivot":{"x":-4.226394176483154,"y":1.9846458435058594,"z":26.009368896484376},"rotation":{"x":-0.06090281531214714,"y":0.9289413690567017,"z":-0.1771114021539688,"w":-0.31943774223327639},"size":8.237405776977539,"orthographic":false}