{"cameraMode":{"drawMode":0,"name":"Shaded","section":"Shading Mode"},"sceneLighting":true,"audioPlay":false,"sceneViewState":{"showFog":false,"showMaterialUpdate":false,"showSkybox":false,"showFlares":false,"showImageEffects":false,"showParticleSystems":false},"in2DMode":false,"pivot":{"x":15.3932523727417,"y":0.45090484619140627,"z":7.135517120361328},"rotation":{"x":0.24847841262817384,"y":-0.27847331762313845,"z":0.07484310865402222,"w":0.9247587323188782},"size":16.57013702392578,"orthographic":false}