{"cameraMode":{"drawMode":0,"name":"Shaded","section":"Shading Mode"},"sceneLighting":true,"audioPlay":false,"sceneViewState":{"showFog":false,"showMaterialUpdate":false,"showSkybox":false,"showFlares":false,"showImageEffects":false,"showParticleSystems":false},"in2DMode":false,"pivot":{"x":1338.938232421875,"y":211.2127685546875,"z":28.358612060546876},"rotation":{"x":0.07335148006677628,"y":0.04785376787185669,"z":-0.0035133364144712688,"w":0.9961721301078796},"size":274.1369323730469,"orthographic":false}