{"cameraMode":{"drawMode":0,"name":"Shaded","section":"Shading Mode"},"sceneLighting":true,"audioPlay":false,"sceneViewState":{"showFog":false,"showMaterialUpdate":false,"showSkybox":false,"showFlares":false,"showImageEffects":false,"showParticleSystems":false},"in2DMode":false,"pivot":{"x":13.061177253723145,"y":6.532459259033203,"z":11.521687507629395},"rotation":{"x":0.12887150049209596,"y":0.364709734916687,"z":-0.050775643438100818,"w":0.9212015867233276},"size":10.272521018981934,"orthographic":false}