{"cameraMode":{"drawMode":0,"name":"Shaded","section":"Shading Mode"},"sceneLighting":true,"audioPlay":false,"sceneViewState":{"showFog":false,"showMaterialUpdate":false,"showSkybox":false,"showFlares":false,"showImageEffects":false,"showParticleSystems":false},"in2DMode":false,"pivot":{"x":36.111358642578128,"y":7.611778259277344,"z":40.53688049316406},"rotation":{"x":0.13589823246002198,"y":0.27406081557273867,"z":-0.03915238007903099,"w":0.9512820839881897},"size":41.6543083190918,"orthographic":false}