{"cameraMode":{"drawMode":0,"name":"Shaded","section":"Shading Mode"},"sceneLighting":true,"audioPlay":false,"sceneViewState":{"showFog":false,"showMaterialUpdate":false,"showSkybox":false,"showFlares":false,"showImageEffects":false,"showParticleSystems":false},"in2DMode":false,"pivot":{"x":-6.900000095367432,"y":63.75,"z":-42.099998474121097},"rotation":{"x":0.07552340626716614,"y":0.39810672402381899,"z":-0.03159324452280998,"w":0.9143145084381104},"size":6.606186389923096,"orthographic":false}