{"cameraMode":{"drawMode":0,"name":"Shaded","section":"Shading Mode"},"sceneLighting":true,"audioPlay":false,"sceneViewState":{"showFog":false,"showMaterialUpdate":false,"showSkybox":false,"showFlares":false,"showImageEffects":false,"showParticleSystems":false},"in2DMode":false,"pivot":{"x":29.795930862426759,"y":87.38823699951172,"z":40.28085708618164},"rotation":{"x":0.0350162610411644,"y":0.9578759074211121,"z":-0.2566702365875244,"w":0.12792184948921204},"size":32.02875518798828,"orthographic":false}