{"cameraMode":{"drawMode":0,"name":"Shaded","section":"Shading Mode"},"sceneLighting":true,"audioPlay":false,"sceneViewState":{"showFog":false,"showMaterialUpdate":false,"showSkybox":false,"showFlares":false,"showImageEffects":false,"showParticleSystems":false},"in2DMode":false,"pivot":{"x":-0.42061805725097659,"y":96.9723892211914,"z":37.74961853027344},"rotation":{"x":0.11727623641490936,"y":0.49907442927360537,"z":-0.06798866391181946,"w":0.8565402030944824},"size":42.31389236450195,"orthographic":false}