{"cameraMode":{"drawMode":0,"name":"Shaded","section":"Shading Mode"},"sceneLighting":true,"audioPlay":false,"sceneViewState":{"showFog":false,"showMaterialUpdate":false,"showSkybox":false,"showFlares":false,"showImageEffects":false,"showParticleSystems":false},"in2DMode":false,"pivot":{"x":24.864011764526368,"y":10.486786842346192,"z":-4.121603012084961},"rotation":{"x":0.08390475064516068,"y":0.0014958628453314305,"z":-0.00012169665569672361,"w":0.9965072870254517},"size":2.700016736984253,"orthographic":false}