{"cameraMode":{"drawMode":0,"name":"Shaded","section":"Shading Mode"},"sceneLighting":true,"audioPlay":false,"sceneViewState":{"showFog":false,"showMaterialUpdate":false,"showSkybox":false,"showFlares":false,"showImageEffects":false,"showParticleSystems":false},"in2DMode":false,"pivot":{"x":22.797691345214845,"y":14.512123107910157,"z":42.62301254272461},"rotation":{"x":0.1487181931734085,"y":0.3911995589733124,"z":-0.057502925395965579,"w":0.9072294235229492},"size":37.113525390625,"orthographic":false}