{"cameraMode":{"drawMode":0,"name":"Shaded","section":"Shading Mode"},"sceneLighting":true,"audioPlay":false,"sceneViewState":{"showFog":false,"showMaterialUpdate":false,"showSkybox":false,"showFlares":false,"showImageEffects":false,"showParticleSystems":false},"in2DMode":false,"pivot":{"x":-21.636638641357423,"y":15.707281112670899,"z":37.471900939941409},"rotation":{"x":0.30428972840309145,"y":0.049153976142406467,"z":-0.015690984204411508,"w":0.9512432813644409},"size":25.06026268005371,"orthographic":false}