{"cameraMode":{"drawMode":0,"name":"Shaded","section":"Shading Mode"},"sceneLighting":true,"audioPlay":false,"sceneViewState":{"showFog":false,"showMaterialUpdate":false,"showSkybox":false,"showFlares":false,"showImageEffects":false,"showParticleSystems":false},"in2DMode":false,"pivot":{"x":29.2908935546875,"y":6.763647556304932,"z":-3.763493537902832},"rotation":{"x":0.1760699301958084,"y":0.1867438405752182,"z":-0.02997821383178234,"w":0.9667556881904602},"size":4.639122009277344,"orthographic":false}