{"cameraMode":{"drawMode":0,"name":"Shaded","section":"Shading Mode"},"sceneLighting":true,"audioPlay":false,"sceneViewState":{"showFog":false,"showMaterialUpdate":false,"showSkybox":false,"showFlares":false,"showImageEffects":false,"showParticleSystems":false},"in2DMode":false,"pivot":{"x":-6.754183292388916,"y":12.382991790771485,"z":19.128782272338868},"rotation":{"x":0.05295195057988167,"y":0.9465073943138123,"z":-0.20799317955970765,"w":0.2409774363040924},"size":6.89500093460083,"orthographic":true}