{"cameraMode":{"drawMode":0,"name":"Shaded","section":"Shading Mode"},"sceneLighting":true,"audioPlay":false,"sceneViewState":{"showFog":false,"showMaterialUpdate":false,"showSkybox":false,"showFlares":false,"showImageEffects":false,"showParticleSystems":false},"in2DMode":false,"pivot":{"x":0.5890594720840454,"y":0.4102412462234497,"z":9.134020805358887},"rotation":{"x":0.04605179280042648,"y":0.9429419040679932,"z":-0.2951090931892395,"w":0.14714546501636506},"size":13.720413208007813,"orthographic":false}