{"cameraMode":{"drawMode":0,"name":"Shaded","section":"Shading Mode"},"sceneLighting":true,"audioPlay":false,"sceneViewState":{"showFog":false,"showMaterialUpdate":false,"showSkybox":false,"showFlares":false,"showImageEffects":false,"showParticleSystems":false},"in2DMode":false,"pivot":{"x":6.800595283508301,"y":3.957690715789795,"z":27.155187606811525},"rotation":{"x":0.2583271563053131,"y":-0.1287691593170166,"z":0.03480239585042,"w":0.956838846206665},"size":2.8449268341064455,"orthographic":false}