{"cameraMode":{"drawMode":0,"name":"Shaded","section":"Shading Mode"},"sceneLighting":true,"audioPlay":false,"sceneViewState":{"showFog":false,"showMaterialUpdate":false,"showSkybox":false,"showFlares":false,"showImageEffects":false,"showParticleSystems":false},"in2DMode":false,"pivot":{"x":11.831462860107422,"y":15.984367370605469,"z":-8.080360412597657},"rotation":{"x":0.33467400074005129,"y":0.4025704562664032,"z":-0.16093362867832185,"w":0.8368887305259705},"size":44.336952209472659,"orthographic":false}