{"cameraMode":{"drawMode":0,"name":"Shaded","section":"Shading Mode"},"sceneLighting":true,"audioPlay":false,"sceneViewState":{"showFog":false,"showMaterialUpdate":false,"showSkybox":false,"showFlares":false,"showImageEffects":false,"showParticleSystems":false},"in2DMode":false,"pivot":{"x":1.7611885070800782,"y":0.0,"z":17.190032958984376},"rotation":{"x":0.2870517671108246,"y":0.36810001730918887,"z":-0.11929984390735626,"w":0.8769488334655762},"size":37.04230499267578,"orthographic":false}