{"cameraMode":{"drawMode":0,"name":"Shaded","section":"Shading Mode"},"sceneLighting":true,"audioPlay":false,"sceneViewState":{"showFog":false,"showMaterialUpdate":false,"showSkybox":false,"showFlares":false,"showImageEffects":false,"showParticleSystems":false},"in2DMode":false,"pivot":{"x":23.18009376525879,"y":11.479230880737305,"z":-8.4486722946167},"rotation":{"x":0.05073963478207588,"y":0.14039267599582673,"z":-0.001264715101569891,"w":0.9895595908164978},"size":4.542322635650635,"orthographic":false}