{"cameraMode":{"drawMode":0,"name":"Shaded","section":"Shading Mode"},"sceneLighting":true,"audioPlay":false,"sceneViewState":{"showFog":false,"showMaterialUpdate":false,"showSkybox":false,"showFlares":false,"showImageEffects":false,"showParticleSystems":false},"in2DMode":false,"pivot":{"x":11.009125709533692,"y":-2.82444167137146,"z":31.579666137695314},"rotation":{"x":0.36543774604797366,"y":-0.006397534161806107,"z":0.0025445222854614259,"w":0.9308502078056336},"size":16.044139862060548,"orthographic":false}