{"cameraMode":{"drawMode":0,"name":"Shaded","section":"Shading Mode"},"sceneLighting":true,"audioPlay":false,"sceneViewState":{"showFog":false,"showMaterialUpdate":false,"showSkybox":false,"showFlares":false,"showImageEffects":false,"showParticleSystems":false},"in2DMode":false,"pivot":{"x":277.83001708984377,"y":32.042999267578128,"z":241.659423828125},"rotation":{"x":0.07604294270277024,"y":-0.32537269592285159,"z":0.02417314052581787,"w":0.9428117871284485},"size":380.8482666015625,"orthographic":false}