{"cameraMode":{"drawMode":0,"name":"Shaded","section":"Shading Mode"},"sceneLighting":true,"audioPlay":false,"sceneViewState":{"showFog":true,"showMaterialUpdate":true,"showSkybox":false,"showFlares":true,"showImageEffects":true,"showParticleSystems":true},"in2DMode":false,"pivot":{"x":28.71405601501465,"y":3.07883620262146,"z":8.368200302124024},"rotation":{"x":0.24898366630077363,"y":0.5682783126831055,"z":-0.18749603629112245,"w":0.76213139295578},"size":15.76318359375,"orthographic":false}