{"cameraMode":{"drawMode":0,"name":"Shaded","section":"Shading Mode"},"sceneLighting":true,"audioPlay":false,"sceneViewState":{"showFog":true,"showMaterialUpdate":true,"showSkybox":true,"showFlares":true,"showImageEffects":true,"showParticleSystems":true},"in2DMode":false,"pivot":{"x":25.166643142700197,"y":2.382885217666626,"z":10.496085166931153},"rotation":{"x":0.24898366630077363,"y":0.5682783126831055,"z":-0.18749603629112245,"w":0.76213139295578},"size":2.473217487335205,"orthographic":false}