{"cameraMode":{"drawMode":0,"name":"Shaded","section":"Shading Mode"},"sceneLighting":true,"audioPlay":false,"sceneViewState":{"showFog":false,"showMaterialUpdate":true,"showSkybox":false,"showFlares":false,"showImageEffects":false,"showParticleSystems":true},"in2DMode":false,"pivot":{"x":23.459999084472658,"y":0.5399999618530273,"z":7.670000076293945},"rotation":{"x":-0.24740740656852723,"y":-0.1633027344942093,"z":0.04386504739522934,"w":-0.9547505974769592},"size":0.8660253882408142,"orthographic":false}