{"cameraMode":{"drawMode":0,"name":"Shaded","section":"Shading Mode"},"sceneLighting":true,"audioPlay":false,"sceneViewState":{"showFog":false,"showMaterialUpdate":false,"showSkybox":false,"showFlares":false,"showImageEffects":false,"showParticleSystems":false},"in2DMode":false,"pivot":{"x":1005.8043212890625,"y":-337.9349060058594,"z":-26.253570556640626},"rotation":{"x":0.01670648343861103,"y":0.04729285463690758,"z":-0.0027389940805733206,"w":0.9993154406547546},"size":164.82656860351563,"orthographic":false}