{"cameraMode":{"drawMode":0,"name":"Shaded","section":"Shading Mode"},"sceneLighting":true,"audioPlay":false,"sceneViewState":{"showFog":true,"showMaterialUpdate":true,"showSkybox":true,"showFlares":true,"showImageEffects":true,"showParticleSystems":true},"in2DMode":false,"pivot":{"x":35.44131851196289,"y":3.6339426040649416,"z":11.51294994354248},"rotation":{"x":0.2891876995563507,"y":-0.08583471924066544,"z":0.024569043889641763,"w":0.9536289572715759},"size":11.316488265991211,"orthographic":false}