{"cameraMode":{"drawMode":0,"name":"Shaded","section":"Shading Mode"},"sceneLighting":true,"audioPlay":false,"sceneViewState":{"showFog":false,"showMaterialUpdate":true,"showSkybox":false,"showFlares":false,"showImageEffects":false,"showParticleSystems":true},"in2DMode":false,"pivot":{"x":21.75529670715332,"y":5.078982353210449,"z":11.663264274597168},"rotation":{"x":-0.28717151284217837,"y":-0.09738818556070328,"z":0.030930770561099054,"w":-0.9530918002128601},"size":3.0360260009765627,"orthographic":false}