{"cameraMode":{"drawMode":0,"name":"Shaded","section":"Shading Mode"},"sceneLighting":true,"audioPlay":false,"sceneViewState":{"showFog":true,"showMaterialUpdate":true,"showSkybox":true,"showFlares":true,"showImageEffects":true,"showParticleSystems":true},"in2DMode":false,"pivot":{"x":191.43145751953126,"y":-52.99650573730469,"z":96.59767150878906},"rotation":{"x":0.1366174966096878,"y":0.5079710483551025,"z":-0.083625428378582,"w":0.8467692136764526},"size":121.47537231445313,"orthographic":false}