{"cameraMode":{"drawMode":0,"name":"Shaded","section":"Shading Mode"},"sceneLighting":true,"audioPlay":false,"sceneViewState":{"showFog":false,"showMaterialUpdate":false,"showSkybox":false,"showFlares":false,"showImageEffects":false,"showParticleSystems":false},"in2DMode":false,"pivot":{"x":29.4119873046875,"y":0.7238912582397461,"z":13.9352445602417},"rotation":{"x":0.30111220479011538,"y":0.34951022267341616,"z":-0.12099870294332504,"w":0.8795562982559204},"size":7.088133335113525,"orthographic":false}