{"cameraMode":{"drawMode":0,"name":"Shaded","section":"Shading Mode"},"sceneLighting":true,"audioPlay":false,"sceneViewState":{"showFog":false,"showMaterialUpdate":true,"showSkybox":false,"showFlares":false,"showImageEffects":false,"showParticleSystems":true},"in2DMode":false,"pivot":{"x":1007.9632568359375,"y":-185.67852783203126,"z":16.244415283203126},"rotation":{"x":0.011671642772853375,"y":0.01770625449717045,"z":0.0016370202647522092,"w":-1.0004537105560303},"size":269.4557800292969,"orthographic":false}