{"cameraMode":{"drawMode":0,"name":"Shaded","section":"Shading Mode"},"sceneLighting":true,"audioPlay":false,"sceneViewState":{"showFog":false,"showMaterialUpdate":true,"showSkybox":false,"showFlares":false,"showImageEffects":false,"showParticleSystems":true},"in2DMode":false,"pivot":{"x":24.83541488647461,"y":2.0132932662963869,"z":14.002899169921875},"rotation":{"x":0.16545233130455018,"y":-0.10597814619541168,"z":0.015250986441969872,"w":0.9809962511062622},"size":1.9896714687347413,"orthographic":false}