{"cameraMode":{"drawMode":0,"name":"Shaded","section":"Shading Mode"},"sceneLighting":true,"audioPlay":false,"sceneViewState":{"showFog":false,"showMaterialUpdate":false,"showSkybox":false,"showFlares":false,"showImageEffects":false,"showParticleSystems":false},"in2DMode":false,"pivot":{"x":-8.888862609863282,"y":-78.13306427001953,"z":121.29573822021485},"rotation":{"x":0.2935922145843506,"y":-0.12401872128248215,"z":0.03750152140855789,"w":0.9476816058158875},"size":78.9228286743164,"orthographic":false}