{"cameraMode":{"drawMode":0,"name":"Shaded","section":"Shading Mode"},"sceneLighting":true,"audioPlay":false,"sceneViewState":{"showFog":false,"showMaterialUpdate":true,"showSkybox":false,"showFlares":false,"showImageEffects":false,"showParticleSystems":true},"in2DMode":false,"pivot":{"x":22.6280460357666,"y":0.5816650390625,"z":17.308841705322267},"rotation":{"x":-0.08677833527326584,"y":-0.41714680194854739,"z":0.041594892740249637,"w":-0.9044411182403565},"size":12.036613464355469,"orthographic":false}