{"cameraMode":{"drawMode":0,"name":"Shaded","section":"Shading Mode"},"sceneLighting":true,"audioPlay":false,"sceneViewState":{"showFog":false,"showMaterialUpdate":true,"showSkybox":false,"showFlares":false,"showImageEffects":false,"showParticleSystems":true},"in2DMode":false,"pivot":{"x":660.6771850585938,"y":433.0923156738281,"z":357.3489990234375},"rotation":{"x":-0.11406705528497696,"y":-0.02094639092683792,"z":0.00451468862593174,"w":-0.9939303994178772},"size":458.32843017578127,"orthographic":false}