{"cameraMode":{"drawMode":0,"name":"Shaded","section":"Shading Mode"},"sceneLighting":true,"audioPlay":false,"sceneViewState":{"showFog":true,"showMaterialUpdate":true,"showSkybox":true,"showFlares":true,"showImageEffects":true,"showParticleSystems":true},"in2DMode":false,"pivot":{"x":2.182363510131836,"y":-3.7418088912963869,"z":36.8409309387207},"rotation":{"x":0.09313264489173889,"y":-0.29798102378845217,"z":0.029468389227986337,"w":0.9498862028121948},"size":23.191930770874025,"orthographic":false}