{"cameraMode":{"drawMode":0,"name":"Shaded","section":"Shading Mode"},"sceneLighting":true,"audioPlay":false,"sceneViewState":{"showFog":true,"showMaterialUpdate":true,"showSkybox":false,"showFlares":true,"showImageEffects":true,"showParticleSystems":true},"in2DMode":false,"pivot":{"x":13.943477630615235,"y":5.744684219360352,"z":7.217461585998535},"rotation":{"x":0.22904683649539948,"y":0.428820937871933,"z":-0.11323399841785431,"w":0.866779088973999},"size":12.124356269836426,"orthographic":false}