{"cameraMode":{"drawMode":0,"name":"Shaded","section":"Shading Mode"},"sceneLighting":true,"audioPlay":false,"sceneViewState":{"showFog":false,"showMaterialUpdate":false,"showSkybox":false,"showFlares":false,"showImageEffects":false,"showParticleSystems":false},"in2DMode":false,"pivot":{"x":28.105606079101564,"y":2.4009833335876467,"z":9.65097713470459},"rotation":{"x":0.18430021405220033,"y":-0.48975828289985659,"z":0.10441235452890396,"w":0.8464010953903198},"size":1.2799530029296876,"orthographic":false}