{"cameraMode":{"drawMode":0,"name":"Shaded","section":"Shading Mode"},"sceneLighting":true,"audioPlay":false,"sceneViewState":{"showFog":true,"showMaterialUpdate":true,"showSkybox":true,"showFlares":true,"showImageEffects":true,"showParticleSystems":true},"in2DMode":false,"pivot":{"x":17.665817260742189,"y":-4.737068176269531,"z":-2.5612220764160158},"rotation":{"x":0.35340186953544619,"y":0.22186844050884248,"z":-0.08663631975650788,"w":0.9049392342567444},"size":14.436164855957032,"orthographic":false}