{"cameraMode":{"drawMode":0,"name":"Shaded","section":"Shading Mode"},"sceneLighting":true,"audioPlay":false,"sceneViewState":{"showFog":true,"showMaterialUpdate":true,"showSkybox":true,"showFlares":true,"showImageEffects":true,"showParticleSystems":true},"in2DMode":false,"pivot":{"x":26.340484619140626,"y":-1.1828255653381348,"z":-1.7951161861419678},"rotation":{"x":0.23879992961883546,"y":0.54514479637146,"z":-0.16738365590572358,"w":0.7864394187927246},"size":13.053559303283692,"orthographic":false}