{"cameraMode":{"drawMode":0,"name":"Shaded","section":"Shading Mode"},"sceneLighting":true,"audioPlay":false,"sceneViewState":{"showFog":true,"showMaterialUpdate":true,"showSkybox":true,"showFlares":true,"showImageEffects":true,"showParticleSystems":true},"in2DMode":false,"pivot":{"x":31.178682327270509,"y":1.7534494400024415,"z":8.941503524780274},"rotation":{"x":0.267426997423172,"y":0.3218318223953247,"z":-0.0969228446483612,"w":0.9034997820854187},"size":8.237198829650879,"orthographic":false}