{"cameraMode":{"drawMode":0,"name":"Shaded","section":"Shading Mode"},"sceneLighting":true,"audioPlay":false,"sceneViewState":{"showFog":false,"showMaterialUpdate":true,"showSkybox":false,"showFlares":false,"showImageEffects":false,"showParticleSystems":true},"in2DMode":false,"pivot":{"x":736.912841796875,"y":-295.9742431640625,"z":266.11419677734377},"rotation":{"x":-0.04384108632802963,"y":0.01477889809757471,"z":0.0008777998154982925,"w":-0.9995827674865723},"size":351.0456848144531,"orthographic":false}