{"cameraMode":{"drawMode":0,"name":"Shaded","section":"Shading Mode"},"sceneLighting":true,"audioPlay":false,"sceneViewState":{"showFog":false,"showMaterialUpdate":false,"showSkybox":false,"showFlares":false,"showImageEffects":false,"showParticleSystems":false},"in2DMode":false,"pivot":{"x":420.1027526855469,"y":154.5431365966797,"z":-26.076753616333009},"rotation":{"x":0.08417927473783493,"y":-0.06954161077737808,"z":0.004040389787405729,"w":0.9945797920227051},"size":306.2234191894531,"orthographic":false}