{"cameraMode":{"drawMode":0,"name":"Shaded","section":"Shading Mode"},"sceneLighting":true,"audioPlay":false,"sceneViewState":{"showFog":false,"showMaterialUpdate":true,"showSkybox":false,"showFlares":false,"showImageEffects":false,"showParticleSystems":true},"in2DMode":false,"pivot":{"x":-154.58416748046876,"y":501.1461181640625,"z":-3.185882568359375},"rotation":{"x":-0.050942856818437579,"y":-0.09599358588457108,"z":0.006384571548551321,"w":-0.9947285652160645},"size":181.04920959472657,"orthographic":false}