{"cameraMode":{"drawMode":0,"name":"Shaded","section":"Shading Mode"},"sceneLighting":true,"audioPlay":false,"sceneViewState":{"showFog":false,"showMaterialUpdate":true,"showSkybox":false,"showFlares":false,"showImageEffects":false,"showParticleSystems":true},"in2DMode":false,"pivot":{"x":25.709999084472658,"y":0.42000001668930056,"z":15.579999923706055},"rotation":{"x":-0.2776866555213928,"y":-0.2716703414916992,"z":0.08458437770605087,"w":-0.9183123707771301},"size":5.4085373878479,"orthographic":false}