{"cameraMode":{"drawMode":0,"name":"Shaded","section":"Shading Mode"},"sceneLighting":true,"audioPlay":false,"sceneViewState":{"showFog":true,"showMaterialUpdate":true,"showSkybox":true,"showFlares":true,"showImageEffects":true,"showParticleSystems":true},"in2DMode":false,"pivot":{"x":24.637706756591798,"y":9.551361083984375,"z":-3.659787178039551},"rotation":{"x":0.23794186115264893,"y":0.03387177363038063,"z":-0.009473826736211777,"w":0.9711782932281494},"size":4.747419834136963,"orthographic":false}