{"cameraMode":{"drawMode":0,"name":"Shaded","section":"Shading Mode"},"sceneLighting":true,"audioPlay":false,"sceneViewState":{"showFog":true,"showMaterialUpdate":true,"showSkybox":true,"showFlares":true,"showImageEffects":true,"showParticleSystems":true},"in2DMode":false,"pivot":{"x":19.349172592163087,"y":26.6191349029541,"z":28.63166046142578},"rotation":{"x":0.15134307742118836,"y":-0.17893877625465394,"z":0.027873368933796884,"w":0.9717633724212647},"size":24.896169662475587,"orthographic":false}