{"cameraMode":{"drawMode":0,"name":"Shaded","section":"Shading Mode"},"sceneLighting":true,"audioPlay":false,"sceneViewState":{"showFog":true,"showMaterialUpdate":false,"showSkybox":true,"showFlares":true,"showImageEffects":true,"showParticleSystems":true},"in2DMode":false,"pivot":{"x":56.38942337036133,"y":-25.670854568481447,"z":43.28056335449219},"rotation":{"x":0.22813278436660767,"y":0.4401284158229828,"z":-0.11631298810243607,"w":0.860909104347229},"size":57.352508544921878,"orthographic":false}