{"cameraMode":{"drawMode":0,"name":"Shaded","section":"Shading Mode"},"sceneLighting":true,"audioPlay":false,"sceneViewState":{"showFog":true,"showMaterialUpdate":true,"showSkybox":true,"showFlares":true,"showImageEffects":true,"showParticleSystems":true},"in2DMode":false,"pivot":{"x":41.039085388183597,"y":5.084786415100098,"z":17.64264678955078},"rotation":{"x":0.401255339384079,"y":0.06531787663698197,"z":-0.028690075501799585,"w":0.9131963849067688},"size":24.896169662475587,"orthographic":false}