{"cameraMode":{"drawMode":0,"name":"Shaded","section":"Shading Mode"},"sceneLighting":true,"audioPlay":false,"sceneViewState":{"showFog":true,"showMaterialUpdate":true,"showSkybox":true,"showFlares":true,"showImageEffects":true,"showParticleSystems":true},"in2DMode":false,"pivot":{"x":23.34132957458496,"y":1.283170223236084,"z":22.294540405273439},"rotation":{"x":0.24006804823875428,"y":0.16304466128349305,"z":-0.04092895984649658,"w":0.9561131000518799},"size":13.28307056427002,"orthographic":false}