{"cameraMode":{"drawMode":0,"name":"Shaded","section":"Shading Mode"},"sceneLighting":true,"audioPlay":false,"sceneViewState":{"showFog":true,"showMaterialUpdate":false,"showSkybox":true,"showFlares":true,"showImageEffects":true,"showParticleSystems":true},"in2DMode":false,"pivot":{"x":44.771663665771487,"y":3.211798667907715,"z":18.525909423828126},"rotation":{"x":-0.2282964140176773,"y":-0.24464842677116395,"z":0.05889551341533661,"w":-0.941001832485199},"size":11.67818546295166,"orthographic":false}