{"cameraMode":{"drawMode":0,"name":"Shaded","section":"Shading Mode"},"sceneLighting":true,"audioPlay":false,"sceneViewState":{"showFog":true,"showMaterialUpdate":false,"showSkybox":true,"showFlares":true,"showImageEffects":true,"showParticleSystems":true},"in2DMode":false,"pivot":{"x":-7.1410064697265629,"y":-26.672256469726564,"z":119.09522247314453},"rotation":{"x":0.31644368171691897,"y":0.33818870782852175,"z":-0.12227718532085419,"w":0.8784887790679932},"size":127.0126953125,"orthographic":false}